ticker,feature,count,mean_rel_diff_pct,std_rel_diff_pct,min_rel_diff_pct,p25_rel_diff_pct,median_rel_diff_pct,p75_rel_diff_pct,p95_rel_diff_pct,p99_rel_diff_pct,max_rel_diff_pct
ADI,Close,2010,0.312,0.0,0.312,0.312,0.312,0.312,0.312,0.312,0.312
ADI,High,2010,0.312,0.0,0.312,0.312,0.312,0.312,0.312,0.312,0.312
ADI,Low,2010,0.312,0.0,0.312,0.312,0.312,0.312,0.312,0.312,0.312
ADI,Open,2010,0.312,0.0,0.312,0.312,0.312,0.312,0.312,0.312,0.312
AES,Close,2010,1.184,0.0,1.184,1.184,1.184,1.184,1.184,1.184,1.184
AES,High,2010,1.184,0.0,1.184,1.184,1.184,1.184,1.184,1.184,1.184
AES,Low,2010,1.184,0.0,1.184,1.184,1.184,1.184,1.184,1.184,1.184
AES,Open,2010,1.184,0.0,1.184,1.184,1.184,1.184,1.184,1.184,1.184
AJG,Close,2010,0.305,0.0,0.305,0.305,0.305,0.305,0.305,0.305,0.305
AJG,High,2010,0.305,0.0,0.305,0.305,0.305,0.305,0.305,0.305,0.305
AJG,Low,2010,0.305,0.0,0.305,0.305,0.305,0.305,0.305,0.305,0.305
AJG,Open,2010,0.305,0.0,0.305,0.305,0.305,0.305,0.305,0.305,0.305
ALL,Close,2010,0.503,0.0,0.503,0.503,0.503,0.503,0.503,0.503,0.504
ALL,High,2010,0.503,0.0,0.503,0.503,0.503,0.503,0.503,0.503,0.504
ALL,Low,2010,0.503,0.0,0.503,0.503,0.503,0.503,0.503,0.503,0.504
ALL,Open,2010,0.503,0.0,0.503,0.503,0.503,0.503,0.503,0.503,0.504
AMCR,Close,2010,1.295,0.0,1.295,1.295,1.295,1.295,1.295,1.295,1.295
AMCR,High,2010,1.295,0.0,1.295,1.295,1.295,1.295,1.295,1.295,1.295
AMCR,Low,2010,1.295,0.0,1.295,1.295,1.295,1.295,1.295,1.295,1.295
AMCR,Open,2010,1.295,0.0,1.295,1.295,1.295,1.295,1.295,1.295,1.295
AOS,Close,2010,0.494,0.0,0.494,0.494,0.494,0.494,0.494,0.494,0.494
AOS,High,2010,0.494,0.0,0.494,0.494,0.494,0.494,0.494,0.494,0.494
AOS,Low,2010,0.494,0.0,0.494,0.494,0.494,0.494,0.494,0.494,0.494
AOS,Open,2010,0.494,0.0,0.494,0.494,0.494,0.494,0.494,0.494,0.494
ATO,Close,2010,0.553,0.0,0.553,0.553,0.553,0.553,0.553,0.553,0.553
ATO,High,2010,0.553,0.0,0.553,0.553,0.553,0.553,0.553,0.553,0.553
ATO,Low,2010,0.553,0.0,0.553,0.553,0.553,0.553,0.553,0.553,0.553
ATO,Open,2010,0.553,0.0,0.553,0.553,0.553,0.553,0.553,0.553,0.553
AVY,Close,2010,0.493,0.0,0.493,0.493,0.493,0.493,0.493,0.493,0.493
AVY,High,2010,0.493,0.0,0.493,0.493,0.493,0.493,0.493,0.493,0.493
AVY,Low,2010,0.493,0.0,0.493,0.493,0.493,0.493,0.493,0.493,0.493
AVY,Open,2010,0.493,0.0,0.493,0.493,0.493,0.493,0.493,0.493,0.493
BAC,Close,2010,0.562,0.0,0.562,0.562,0.562,0.562,0.562,0.562,0.562
BAC,High,2010,0.562,0.0,0.562,0.562,0.562,0.562,0.562,0.562,0.562
BAC,Low,2010,0.562,0.0,0.562,0.562,0.562,0.562,0.562,0.562,0.562
BAC,Open,2010,0.562,0.0,0.562,0.562,0.562,0.562,0.562,0.562,0.562
BALL,Close,2010,0.298,0.0,0.298,0.298,0.298,0.298,0.298,0.298,0.298
BALL,High,2010,0.298,0.0,0.298,0.298,0.298,0.298,0.298,0.298,0.298
BALL,Low,2010,0.298,0.0,0.298,0.298,0.298,0.298,0.298,0.298,0.298
BALL,Open,2010,0.298,0.0,0.298,0.298,0.298,0.298,0.298,0.298,0.298
BAX,Close,2010,0.049,0.0,0.049,0.049,0.049,0.049,0.049,0.049,0.049
BAX,High,2010,0.049,0.0,0.049,0.049,0.049,0.049,0.049,0.049,0.049
BAX,Low,2010,0.049,0.0,0.049,0.049,0.049,0.049,0.049,0.049,0.049
BAX,Open,2010,0.049,0.0,0.049,0.049,0.049,0.049,0.049,0.049,0.049
BF-B,Close,2010,0.914,0.0,0.914,0.914,0.914,0.914,0.915,0.915,0.915
BF-B,High,2010,0.914,0.0,0.914,0.914,0.914,0.914,0.915,0.915,0.915
BF-B,Low,2010,0.914,0.0,0.914,0.914,0.914,0.914,0.915,0.915,0.915
BF-B,Open,2010,0.914,0.0,0.914,0.914,0.914,0.914,0.915,0.915,0.915
BKNG,Close,2010,0.228,0.0,0.228,0.228,0.228,0.228,0.228,0.228,0.228
BKNG,High,2010,0.228,0.0,0.228,0.228,0.228,0.228,0.228,0.228,0.228
BKNG,Low,2010,0.228,0.0,0.228,0.228,0.228,0.228,0.228,0.228,0.228
BKNG,Open,2010,0.228,0.0,0.228,0.228,0.228,0.228,0.228,0.228,0.228
BLK,Close,2010,0.554,0.0,0.554,0.554,0.554,0.554,0.554,0.554,0.554
BLK,High,2010,0.554,0.0,0.554,0.554,0.554,0.554,0.554,0.554,0.554
BLK,Low,2010,0.554,0.0,0.554,0.554,0.554,0.554,0.554,0.554,0.554
BLK,Open,2010,0.554,0.0,0.554,0.554,0.554,0.554,0.554,0.554,0.554
BRO,Close,2010,0.23,0.0,0.23,0.23,0.23,0.23,0.23,0.23,0.23
BRO,High,2010,0.23,0.0,0.23,0.23,0.23,0.23,0.23,0.23,0.23
BRO,Low,2010,0.23,0.0,0.23,0.23,0.23,0.23,0.23,0.23,0.23
BRO,Open,2010,0.23,0.0,0.23,0.23,0.23,0.23,0.23,0.23,0.23
C,Close,2010,0.521,0.0,0.521,0.521,0.521,0.521,0.521,0.521,0.521
C,High,2010,0.521,0.0,0.521,0.521,0.521,0.521,0.521,0.521,0.521
C,Low,2010,0.521,0.0,0.521,0.521,0.521,0.521,0.521,0.521,0.521
C,Open,2010,0.521,0.0,0.521,0.521,0.521,0.521,0.521,0.521,0.521
CBOE,Close,2010,0.246,0.0,0.246,0.246,0.246,0.246,0.246,0.246,0.246
CBOE,High,2010,0.246,0.0,0.246,0.246,0.246,0.246,0.246,0.246,0.246
CBOE,Low,2010,0.246,0.0,0.246,0.246,0.246,0.246,0.246,0.246,0.246
CBOE,Open,2010,0.246,0.0,0.246,0.246,0.246,0.246,0.246,0.246,0.246
CDW,Close,2010,0.502,0.0,0.502,0.502,0.502,0.502,0.502,0.502,0.502
CDW,High,2010,0.502,0.0,0.502,0.502,0.502,0.502,0.502,0.502,0.502
CDW,Low,2010,0.502,0.0,0.502,0.502,0.502,0.502,0.502,0.502,0.502
CDW,Open,2010,0.502,0.0,0.502,0.502,0.502,0.502,0.502,0.502,0.502
CEG,Close,991,0.134,0.0,0.134,0.134,0.134,0.134,0.134,0.134,0.134
CEG,High,991,0.134,0.0,0.134,0.134,0.134,0.134,0.134,0.134,0.134
CEG,Low,991,0.134,0.0,0.134,0.134,0.134,0.134,0.134,0.134,0.134
CEG,Open,991,0.134,0.0,0.134,0.134,0.134,0.134,0.134,0.134,0.134
CFG,Close,2010,0.702,0.0,0.702,0.702,0.702,0.702,0.702,0.702,0.702
CFG,High,2010,0.702,0.0,0.702,0.702,0.702,0.702,0.702,0.702,0.702
CFG,Low,2010,0.702,0.0,0.702,0.702,0.702,0.702,0.702,0.702,0.702
CFG,Open,2010,0.702,0.0,0.702,0.702,0.702,0.702,0.702,0.702,0.702
CHRW,Close,2010,0.341,0.0,0.341,0.341,0.341,0.341,0.341,0.341,0.341
CHRW,High,2010,0.341,0.0,0.341,0.341,0.341,0.341,0.341,0.341,0.341
CHRW,Low,2010,0.341,0.0,0.341,0.341,0.341,0.341,0.341,0.341,0.341
CHRW,Open,2010,0.341,0.0,0.341,0.341,0.341,0.341,0.341,0.341,0.341
CI,Close,2010,0.548,0.0,0.548,0.548,0.548,0.548,0.548,0.548,0.548
CI,High,2010,0.548,0.0,0.548,0.548,0.548,0.548,0.548,0.548,0.548
CI,Low,2010,0.548,0.0,0.548,0.548,0.548,0.548,0.548,0.548,0.548
CI,Open,2010,0.548,0.0,0.548,0.548,0.548,0.548,0.548,0.548,0.548
COST,Close,2010,0.137,0.0,0.137,0.137,0.137,0.137,0.137,0.137,0.137
COST,High,2010,0.137,0.0,0.137,0.137,0.137,0.137,0.137,0.137,0.137
COST,Low,2010,0.137,0.0,0.137,0.137,0.137,0.137,0.137,0.137,0.137
COST,Open,2010,0.137,0.0,0.137,0.137,0.137,0.137,0.137,0.137,0.137
CRH,Close,2010,1.185,0.792,0.351,0.351,1.936,1.936,1.936,1.936,1.936
CRH,High,2010,1.185,0.792,0.351,0.351,1.936,1.936,1.936,1.936,1.936
CRH,Low,2010,1.185,0.792,0.351,0.351,1.936,1.936,1.936,1.936,1.936
CRH,Open,2010,1.185,0.792,0.351,0.351,1.936,1.936,1.936,1.936,1.936
CSX,Close,2010,0.328,0.0,0.328,0.328,0.328,0.328,0.328,0.328,0.328
CSX,High,2010,0.328,0.0,0.328,0.328,0.328,0.328,0.328,0.328,0.328
CSX,Low,2010,0.328,0.0,0.328,0.328,0.328,0.328,0.328,0.328,0.328
CSX,Open,2010,0.328,0.0,0.328,0.328,0.328,0.328,0.328,0.328,0.328
CTVA,Close,1660,0.225,0.0,0.225,0.225,0.225,0.225,0.225,0.225,0.225
CTVA,High,1660,0.225,0.0,0.225,0.225,0.225,0.225,0.225,0.225,0.225
CTVA,Low,1660,0.225,0.0,0.225,0.225,0.225,0.225,0.225,0.225,0.225
CTVA,Open,1660,0.225,0.0,0.225,0.225,0.225,0.225,0.225,0.225,0.225
D,Close,2010,1.054,0.0,1.054,1.054,1.054,1.054,1.054,1.054,1.055
D,High,2010,1.054,0.0,1.054,1.054,1.054,1.054,1.054,1.054,1.055
D,Low,2010,1.054,0.0,1.054,1.054,1.054,1.054,1.054,1.054,1.055
D,Open,2010,1.054,0.0,1.054,1.054,1.054,1.054,1.054,1.054,1.055
DAL,Close,2010,0.271,0.0,0.271,0.271,0.271,0.271,0.271,0.271,0.271
DAL,High,2010,0.271,0.0,0.271,0.271,0.271,0.271,0.271,0.271,0.271
DAL,Low,2010,0.271,0.0,0.271,0.271,0.271,0.271,0.271,0.271,0.271
DAL,Open,2010,0.271,0.0,0.271,0.271,0.271,0.271,0.271,0.271,0.271
DD,Close,2010,0.4,0.0,0.4,0.4,0.4,0.4,0.4,0.4,0.4
DD,High,2010,0.4,0.0,0.4,0.4,0.4,0.4,0.4,0.4,0.4
DD,Low,2010,0.4,0.0,0.4,0.4,0.4,0.4,0.4,0.4,0.4
DD,Open,2010,0.4,0.0,0.4,0.4,0.4,0.4,0.4,0.4,0.4
DHI,Close,2010,0.285,0.0,0.285,0.285,0.285,0.285,0.285,0.285,0.285
DHI,High,2010,0.285,0.0,0.285,0.285,0.285,0.285,0.285,0.285,0.285
DHI,Low,2010,0.285,0.0,0.285,0.285,0.285,0.285,0.285,0.285,0.285
DHI,Open,2010,0.285,0.0,0.285,0.285,0.285,0.285,0.285,0.285,0.285
DOV,Close,2010,0.229,0.0,0.229,0.229,0.229,0.229,0.229,0.229,0.229
DOV,High,2010,0.229,0.0,0.229,0.229,0.229,0.229,0.229,0.229,0.229
DOV,Low,2010,0.229,0.0,0.229,0.229,0.229,0.229,0.229,0.229,0.229
DOV,Open,2010,0.229,0.0,0.229,0.229,0.229,0.229,0.229,0.229,0.229
DOW,Close,1706,1.171,0.0,1.171,1.171,1.171,1.171,1.171,1.171,1.171
DOW,High,1706,1.171,0.0,1.171,1.171,1.171,1.171,1.171,1.171,1.171
DOW,Low,1706,1.171,0.0,1.171,1.171,1.171,1.171,1.171,1.171,1.171
DOW,Open,1706,1.171,0.0,1.171,1.171,1.171,1.171,1.171,1.171,1.171
EA,Close,2010,0.095,0.0,0.094,0.095,0.095,0.095,0.095,0.095,0.095
EA,High,2010,0.095,0.0,0.094,0.095,0.095,0.095,0.095,0.095,0.095
EA,Low,2010,0.095,0.0,0.094,0.095,0.095,0.095,0.095,0.095,0.095
EA,Open,2010,0.095,0.0,0.094,0.095,0.095,0.095,0.095,0.095,0.095
EBAY,Close,2010,0.333,0.0,0.333,0.333,0.333,0.333,0.333,0.333,0.333
EBAY,High,2010,0.333,0.0,0.333,0.333,0.333,0.333,0.333,0.333,0.333
EBAY,Low,2010,0.333,0.0,0.333,0.333,0.333,0.333,0.333,0.333,0.333
EBAY,Open,2010,0.333,0.0,0.333,0.333,0.333,0.333,0.333,0.333,0.333
EFX,Close,2010,0.269,0.0,0.269,0.269,0.269,0.269,0.269,0.269,0.27
EFX,High,2010,0.269,0.0,0.269,0.269,0.269,0.269,0.269,0.269,0.27
EFX,Low,2010,0.269,0.0,0.269,0.269,0.269,0.269,0.269,0.269,0.27
EFX,Open,2010,0.269,0.0,0.269,0.269,0.269,0.269,0.269,0.269,0.27
EL,Close,2010,0.313,0.0,0.313,0.313,0.313,0.313,0.313,0.313,0.313
EL,High,2010,0.313,0.0,0.313,0.313,0.313,0.313,0.313,0.313,0.313
EL,Low,2010,0.313,0.0,0.313,0.313,0.313,0.313,0.313,0.313,0.313
EL,Open,2010,0.313,0.0,0.313,0.313,0.313,0.313,0.313,0.313,0.313
EQIX,Close,2010,0.542,0.0,0.542,0.542,0.542,0.542,0.542,0.542,0.542
EQIX,High,2010,0.542,0.0,0.542,0.542,0.542,0.542,0.542,0.542,0.542
EQIX,Low,2010,0.542,0.0,0.542,0.542,0.542,0.542,0.542,0.542,0.542
EQIX,Open,2010,0.542,0.0,0.542,0.542,0.542,0.542,0.542,0.542,0.542
ES,Close,2010,1.046,0.0,1.046,1.046,1.046,1.046,1.046,1.046,1.046
ES,High,2010,1.046,0.0,1.046,1.046,1.046,1.046,1.046,1.046,1.046
ES,Low,2010,1.046,0.0,1.046,1.046,1.046,1.046,1.046,1.046,1.046
ES,Open,2010,1.046,0.0,1.046,1.046,1.046,1.046,1.046,1.046,1.046
EXC,Close,2010,0.849,0.0,0.849,0.849,0.849,0.849,0.849,0.849,0.849
EXC,High,2010,0.849,0.0,0.849,0.849,0.849,0.849,0.849,0.849,0.849
EXC,Low,2010,0.849,0.0,0.849,0.849,0.849,0.849,0.849,0.849,0.849
EXC,Open,2010,0.849,0.0,0.849,0.849,0.849,0.849,0.849,0.849,0.849
EXE,Close,1228,0.543,0.0,0.543,0.543,0.543,0.543,0.543,0.543,0.543
EXE,High,1228,0.543,0.0,0.543,0.543,0.543,0.543,0.543,0.543,0.543
EXE,Low,1228,0.543,0.0,0.543,0.543,0.543,0.543,0.543,0.543,0.543
EXE,Open,1228,0.543,0.0,0.543,0.543,0.543,0.543,0.543,0.543,0.543
EXPE,Close,2010,0.216,0.0,0.216,0.216,0.216,0.216,0.216,0.216,0.217
EXPE,High,2010,0.216,0.0,0.216,0.216,0.216,0.216,0.216,0.216,0.217
EXPE,Low,2010,0.216,0.0,0.216,0.216,0.216,0.216,0.216,0.216,0.217
EXPE,Open,2010,0.216,0.0,0.216,0.216,0.216,0.216,0.216,0.216,0.217
FANG,Close,2010,0.594,0.0,0.594,0.594,0.594,0.594,0.594,0.594,0.594
FANG,High,2010,0.594,0.0,0.594,0.594,0.594,0.594,0.594,0.594,0.594
FANG,Low,2010,0.594,0.0,0.594,0.594,0.594,0.594,0.594,0.594,0.594
FANG,Open,2010,0.594,0.0,0.594,0.594,0.594,0.594,0.594,0.594,0.594
FDS,Close,2010,0.513,0.0,0.513,0.513,0.513,0.513,0.513,0.513,0.513
FDS,High,2010,0.513,0.0,0.513,0.513,0.513,0.513,0.513,0.513,0.513
FDS,Low,2010,0.513,0.0,0.513,0.513,0.513,0.513,0.513,0.513,0.513
FDS,Open,2010,0.513,0.0,0.513,0.513,0.513,0.513,0.513,0.513,0.513
FDX,Close,2010,0.404,0.0,0.404,0.404,0.404,0.404,0.404,0.404,0.404
FDX,High,2010,0.404,0.0,0.404,0.404,0.404,0.404,0.404,0.404,0.404
FDX,Low,2010,0.404,0.0,0.404,0.404,0.404,0.404,0.404,0.404,0.404
FDX,Open,2010,0.404,0.0,0.404,0.404,0.404,0.404,0.404,0.404,0.404
FE,Close,2010,0.956,0.0,0.956,0.956,0.956,0.956,0.956,0.956,0.956
FE,High,2010,0.956,0.0,0.956,0.956,0.956,0.956,0.956,0.956,0.956
FE,Low,2010,0.956,0.0,0.956,0.956,0.956,0.956,0.956,0.956,0.956
FE,Open,2010,0.956,0.0,0.956,0.956,0.956,0.956,0.956,0.956,0.956
FIX,Close,2010,0.052,0.0,0.052,0.052,0.052,0.052,0.052,0.052,0.052
FIX,High,2010,0.052,0.0,0.052,0.052,0.052,0.052,0.052,0.052,0.052
FIX,Low,2010,0.052,0.0,0.052,0.052,0.052,0.052,0.052,0.052,0.052
FIX,Open,2010,0.052,0.0,0.052,0.052,0.052,0.052,0.052,0.052,0.052
FOX,Close,1711,0.535,0.0,0.535,0.535,0.535,0.535,0.535,0.535,0.535
FOX,High,1711,0.535,0.0,0.535,0.535,0.535,0.535,0.535,0.535,0.535
FOX,Low,1711,0.535,0.0,0.535,0.535,0.535,0.535,0.535,0.535,0.535
FOX,Open,1711,0.535,0.0,0.535,0.535,0.535,0.535,0.535,0.535,0.535
FOXA,Close,1712,0.488,0.0,0.488,0.488,0.488,0.488,0.488,0.488,0.488
FOXA,High,1712,0.488,0.0,0.488,0.488,0.488,0.488,0.488,0.488,0.488
FOXA,Low,1712,0.488,0.0,0.488,0.488,0.488,0.488,0.488,0.488,0.488
FOXA,Open,1712,0.488,0.0,0.488,0.488,0.488,0.488,0.488,0.488,0.488
GE,Close,2010,0.145,0.0,0.145,0.145,0.145,0.145,0.145,0.145,0.146
GE,High,2010,0.145,0.0,0.145,0.145,0.145,0.145,0.145,0.145,0.146
GE,Low,2010,0.145,0.0,0.145,0.145,0.145,0.145,0.145,0.145,0.146
GE,Open,2010,0.145,0.0,0.145,0.145,0.145,0.145,0.145,0.145,0.146
GLW,Close,2010,0.186,0.0,0.186,0.186,0.186,0.186,0.186,0.186,0.186
GLW,High,2010,0.186,0.0,0.186,0.186,0.186,0.186,0.186,0.186,0.186
GLW,Low,2010,0.186,0.0,0.186,0.186,0.186,0.186,0.186,0.186,0.186
GLW,Open,2010,0.186,0.0,0.186,0.186,0.186,0.186,0.186,0.186,0.186
GM,Close,2010,0.236,0.0,0.236,0.236,0.236,0.236,0.236,0.236,0.236
GM,High,2010,0.236,0.0,0.236,0.236,0.236,0.236,0.236,0.236,0.236
GM,Low,2010,0.236,0.0,0.236,0.236,0.236,0.236,0.236,0.236,0.236
GM,Open,2010,0.236,0.0,0.236,0.236,0.236,0.236,0.236,0.236,0.236
GOOG,Close,2010,0.07,0.0,0.07,0.07,0.07,0.07,0.07,0.07,0.07
GOOG,High,2010,0.07,0.0,0.07,0.07,0.07,0.07,0.07,0.07,0.07
GOOG,Low,2010,0.07,0.0,0.07,0.07,0.07,0.07,0.07,0.07,0.07
GOOG,Open,2010,0.07,0.0,0.07,0.07,0.07,0.07,0.07,0.07,0.07
GOOGL,Close,2010,0.07,0.0,0.07,0.07,0.07,0.07,0.07,0.07,0.07
GOOGL,High,2010,0.07,0.0,0.07,0.07,0.07,0.07,0.07,0.07,0.07
GOOGL,Low,2010,0.07,0.0,0.07,0.07,0.07,0.07,0.07,0.07,0.07
GOOGL,Open,2010,0.07,0.0,0.07,0.07,0.07,0.07,0.07,0.07,0.07
GPC,Close,2010,0.908,0.0,0.908,0.908,0.908,0.908,0.908,0.908,0.908
GPC,High,2010,0.908,0.0,0.908,0.908,0.908,0.908,0.908,0.908,0.908
GPC,Low,2010,0.908,0.0,0.908,0.908,0.908,0.908,0.908,0.908,0.908
GPC,Open,2010,0.908,0.0,0.908,0.908,0.908,0.908,0.908,0.908,0.908
GPN,Close,2010,0.327,0.0,0.327,0.327,0.327,0.327,0.327,0.327,0.327
GPN,High,2010,0.327,0.0,0.327,0.327,0.327,0.327,0.327,0.327,0.327
GPN,Low,2010,0.327,0.0,0.327,0.327,0.327,0.327,0.327,0.327,0.327
GPN,Open,2010,0.327,0.0,0.327,0.327,0.327,0.327,0.327,0.327,0.327
GS,Close,2010,0.524,0.0,0.523,0.524,0.524,0.524,0.524,0.524,0.524
GS,High,2010,0.524,0.0,0.523,0.524,0.524,0.524,0.524,0.524,0.524
GS,Low,2010,0.524,0.0,0.523,0.524,0.524,0.524,0.524,0.524,0.524
GS,Open,2010,0.524,0.0,0.523,0.524,0.524,0.524,0.524,0.524,0.524
HAL,Close,2010,0.482,0.0,0.482,0.482,0.482,0.482,0.482,0.482,0.482
HAL,High,2010,0.482,0.0,0.482,0.482,0.482,0.482,0.482,0.482,0.482
HAL,Low,2010,0.482,0.0,0.482,0.482,0.482,0.482,0.482,0.482,0.482
HAL,Open,2010,0.482,0.0,0.482,0.482,0.482,0.482,0.482,0.482,0.482
HIG,Close,2010,0.426,0.0,0.426,0.426,0.426,0.426,0.426,0.426,0.426
HIG,High,2010,0.426,0.0,0.426,0.426,0.426,0.426,0.426,0.426,0.426
HIG,Low,2010,0.426,0.0,0.426,0.426,0.426,0.426,0.426,0.426,0.426
HIG,Open,2010,0.426,0.0,0.426,0.426,0.426,0.426,0.426,0.426,0.426
HII,Close,2010,0.312,0.0,0.311,0.312,0.312,0.312,0.312,0.312,0.312
HII,High,2010,0.312,0.0,0.311,0.312,0.312,0.312,0.312,0.312,0.312
HII,Low,2010,0.312,0.0,0.311,0.312,0.312,0.312,0.312,0.312,0.312
HII,Open,2010,0.312,0.0,0.311,0.312,0.312,0.312,0.312,0.312,0.312
HLT,Close,2010,0.047,0.0,0.047,0.047,0.047,0.047,0.047,0.047,0.047
HLT,High,2010,0.047,0.0,0.047,0.047,0.047,0.047,0.047,0.047,0.047
HLT,Low,2010,0.047,0.0,0.047,0.047,0.047,0.047,0.047,0.047,0.047
HLT,Open,2010,0.047,0.0,0.047,0.047,0.047,0.047,0.047,0.047,0.047
HON,Close,2010,0.494,0.0,0.494,0.494,0.494,0.494,0.494,0.494,0.494
HON,High,2010,0.494,0.0,0.494,0.494,0.494,0.494,0.494,0.494,0.494
HON,Low,2010,0.494,0.0,0.494,0.494,0.494,0.494,0.494,0.494,0.494
HON,Open,2010,0.494,0.0,0.494,0.494,0.494,0.494,0.494,0.494,0.494
HUBB,Close,2010,0.271,0.0,0.271,0.271,0.271,0.271,0.271,0.271,0.271
HUBB,High,2010,0.271,0.0,0.271,0.271,0.271,0.271,0.271,0.271,0.271
HUBB,Low,2010,0.271,0.0,0.271,0.271,0.271,0.271,0.271,0.271,0.271
HUBB,Open,2010,0.271,0.0,0.271,0.271,0.271,0.271,0.271,0.271,0.271
HWM,Close,2010,0.057,0.0,0.057,0.057,0.057,0.057,0.057,0.057,0.057
HWM,High,2010,0.057,0.0,0.057,0.057,0.057,0.057,0.057,0.057,0.057
HWM,Low,2010,0.057,0.0,0.057,0.057,0.057,0.057,0.057,0.057,0.057
HWM,Open,2010,0.057,0.0,0.057,0.057,0.057,0.057,0.057,0.057,0.057
IBKR,Close,2010,0.107,0.0,0.107,0.107,0.107,0.107,0.107,0.107,0.107
IBKR,High,2010,0.107,0.0,0.107,0.107,0.107,0.107,0.107,0.107,0.107
IBKR,Low,2010,0.107,0.0,0.107,0.107,0.107,0.107,0.107,0.107,0.107
IBKR,Open,2010,0.107,0.0,0.107,0.107,0.107,0.107,0.107,0.107,0.107
IP,Close,2010,0.988,0.0,0.988,0.988,0.988,0.988,0.988,0.988,0.988
IP,High,2010,0.988,0.0,0.988,0.988,0.988,0.988,0.988,0.988,0.988
IP,Low,2010,0.988,0.0,0.988,0.988,0.988,0.988,0.988,0.988,0.988
IP,Open,2010,0.988,0.0,0.988,0.988,0.988,0.988,0.988,0.988,0.988
IR,Close,2010,0.022,0.0,0.022,0.022,0.022,0.022,0.022,0.022,0.022
IR,High,2010,0.022,0.0,0.022,0.022,0.022,0.022,0.022,0.022,0.022
IR,Low,2010,0.022,0.0,0.022,0.022,0.022,0.022,0.022,0.022,0.022
IR,Open,2010,0.022,0.0,0.022,0.022,0.022,0.022,0.022,0.022,0.022
JBHT,Close,2010,0.2,0.0,0.2,0.2,0.2,0.2,0.2,0.2,0.2
JBHT,High,2010,0.2,0.0,0.2,0.2,0.2,0.2,0.2,0.2,0.2
JBHT,Low,2010,0.2,0.0,0.2,0.2,0.2,0.2,0.2,0.2,0.2
JBHT,Open,2010,0.2,0.0,0.2,0.2,0.2,0.2,0.2,0.2,0.2
JKHY,Close,2010,0.362,0.0,0.362,0.362,0.362,0.362,0.362,0.362,0.362
JKHY,High,2010,0.362,0.0,0.362,0.362,0.362,0.362,0.362,0.362,0.362
JKHY,Low,2010,0.362,0.0,0.362,0.362,0.362,0.362,0.362,0.362,0.362
JKHY,Open,2010,0.362,0.0,0.362,0.362,0.362,0.362,0.362,0.362,0.362
JNJ,Close,2010,0.529,0.0,0.529,0.529,0.529,0.529,0.529,0.529,0.529
JNJ,High,2010,0.529,0.0,0.529,0.529,0.529,0.529,0.529,0.529,0.529
JNJ,Low,2010,0.529,0.0,0.529,0.529,0.529,0.529,0.529,0.529,0.529
JNJ,Open,2010,0.529,0.0,0.529,0.529,0.529,0.529,0.529,0.529,0.529
KEY,Close,2010,0.98,0.0,0.98,0.98,0.98,0.98,0.98,0.98,0.98
KEY,High,2010,0.98,0.0,0.98,0.98,0.98,0.98,0.98,0.98,0.98
KEY,Low,2010,0.98,0.0,0.98,0.98,0.98,0.98,0.98,0.98,0.98
KEY,Open,2010,0.98,0.0,0.98,0.98,0.98,0.98,0.98,0.98,0.98
KHC,Close,2010,1.651,0.0,1.651,1.651,1.651,1.651,1.651,1.651,1.651
KHC,High,2010,1.651,0.0,1.651,1.651,1.651,1.651,1.651,1.651,1.651
KHC,Low,2010,1.651,0.0,1.651,1.651,1.651,1.651,1.651,1.651,1.651
KHC,Open,2010,1.651,0.0,1.651,1.651,1.651,1.651,1.651,1.651,1.651
KIM,Close,2010,1.106,0.0,1.106,1.106,1.106,1.106,1.106,1.106,1.106
KIM,High,2010,1.106,0.0,1.106,1.106,1.106,1.106,1.106,1.106,1.106
KIM,Low,2010,1.106,0.0,1.106,1.106,1.106,1.106,1.106,1.106,1.106
KIM,Open,2010,1.106,0.0,1.106,1.106,1.106,1.106,1.106,1.106,1.106
KMB,Close,2010,1.22,0.0,1.22,1.22,1.22,1.22,1.22,1.22,1.22
KMB,High,2010,1.22,0.0,1.22,1.22,1.22,1.22,1.22,1.22,1.22
KMB,Low,2010,1.22,0.0,1.22,1.22,1.22,1.22,1.22,1.22,1.22
KMB,Open,2010,1.22,0.0,1.22,1.22,1.22,1.22,1.22,1.22,1.22
KMI,Close,2010,0.97,0.0,0.97,0.97,0.97,0.97,0.97,0.97,0.97
KMI,High,2010,0.97,0.0,0.97,0.97,0.97,0.97,0.97,0.97,0.97
KMI,Low,2010,0.97,0.0,0.97,0.97,0.97,0.97,0.97,0.97,0.97
KMI,Open,2010,0.97,0.0,0.97,0.97,0.97,0.97,0.97,0.97,0.97
L,Close,2010,0.058,0.0,0.058,0.058,0.058,0.058,0.058,0.058,0.058
L,High,2010,0.058,0.0,0.058,0.058,0.058,0.058,0.058,0.058,0.058
L,Low,2010,0.058,0.0,0.058,0.058,0.058,0.058,0.058,0.058,0.058
L,Open,2010,0.058,0.0,0.058,0.058,0.058,0.058,0.058,0.058,0.058
LEN,Close,2010,0.446,0.0,0.446,0.446,0.446,0.446,0.446,0.446,0.446
LEN,High,2010,0.446,0.0,0.446,0.446,0.446,0.446,0.446,0.446,0.446
LEN,Low,2010,0.446,0.0,0.446,0.446,0.446,0.446,0.446,0.446,0.446
LEN,Open,2010,0.446,0.0,0.446,0.446,0.446,0.446,0.446,0.446,0.446
LH,Close,2010,0.25,0.0,0.25,0.25,0.25,0.25,0.25,0.25,0.25
LH,High,2010,0.25,0.0,0.25,0.25,0.25,0.25,0.25,0.25,0.25
LH,Low,2010,0.25,0.0,0.25,0.25,0.25,0.25,0.25,0.25,0.25
LH,Open,2010,0.25,0.0,0.25,0.25,0.25,0.25,0.25,0.25,0.25
LHX,Close,2010,0.347,0.0,0.347,0.347,0.347,0.347,0.347,0.347,0.347
LHX,High,2010,0.347,0.0,0.347,0.347,0.347,0.347,0.347,0.347,0.347
LHX,Low,2010,0.347,0.0,0.347,0.347,0.347,0.347,0.347,0.347,0.347
LHX,Open,2010,0.347,0.0,0.347,0.347,0.347,0.347,0.347,0.347,0.347
LMT,Close,2010,0.524,0.0,0.524,0.524,0.524,0.524,0.524,0.524,0.524
LMT,High,2010,0.524,0.0,0.524,0.524,0.524,0.524,0.524,0.524,0.524
LMT,Low,2010,0.524,0.0,0.524,0.524,0.524,0.524,0.524,0.524,0.524
LMT,Open,2010,0.524,0.0,0.524,0.524,0.524,0.524,0.524,0.524,0.524
LNT,Close,2010,0.813,0.0,0.813,0.813,0.813,0.813,0.813,0.813,0.813
LNT,High,2010,0.813,0.0,0.813,0.813,0.813,0.813,0.813,0.813,0.813
LNT,Low,2010,0.813,0.0,0.813,0.813,0.813,0.813,0.813,0.813,0.813
LNT,Open,2010,0.813,0.0,0.813,0.813,0.813,0.813,0.813,0.813,0.813
LRCX,Close,2010,0.12,0.0,0.12,0.12,0.12,0.12,0.12,0.12,0.12
LRCX,High,2010,0.12,0.0,0.12,0.12,0.12,0.12,0.12,0.12,0.12
LRCX,Low,2010,0.12,0.0,0.12,0.12,0.12,0.12,0.12,0.12,0.12
LRCX,Open,2010,0.12,0.0,0.12,0.12,0.12,0.12,0.12,0.12,0.12
LW,Close,2010,0.834,0.0,0.834,0.834,0.834,0.834,0.834,0.834,0.834
LW,High,2010,0.834,0.0,0.834,0.834,0.834,0.834,0.834,0.834,0.834
LW,Low,2010,0.834,0.0,0.834,0.834,0.834,0.834,0.834,0.834,0.834
LW,Open,2010,0.834,0.0,0.834,0.834,0.834,0.834,0.834,0.834,0.834
LYB,Close,2010,1.2,0.0,1.2,1.2,1.2,1.2,1.2,1.2,1.2
LYB,High,2010,1.2,0.0,1.2,1.2,1.2,1.2,1.2,1.2,1.2
LYB,Low,2010,1.2,0.0,1.2,1.2,1.2,1.2,1.2,1.2,1.2
LYB,Open,2010,1.2,0.0,1.2,1.2,1.2,1.2,1.2,1.2,1.2
MAR,Close,2010,0.193,0.0,0.193,0.193,0.193,0.193,0.193,0.193,0.193
MAR,High,2010,0.193,0.0,0.193,0.193,0.193,0.193,0.193,0.193,0.193
MAR,Low,2010,0.193,0.0,0.193,0.193,0.193,0.193,0.193,0.193,0.193
MAR,Open,2010,0.193,0.0,0.193,0.193,0.193,0.193,0.193,0.193,0.193
MCD,Close,2010,0.556,0.0,0.555,0.556,0.556,0.556,0.556,0.556,0.556
MCD,High,2010,0.556,0.0,0.555,0.556,0.556,0.556,0.556,0.556,0.556
MCD,Low,2010,0.556,0.0,0.555,0.556,0.556,0.556,0.556,0.556,0.556
MCD,Open,2010,0.556,0.0,0.555,0.556,0.556,0.556,0.556,0.556,0.556
MCHP,Close,2010,0.585,0.0,0.585,0.585,0.585,0.585,0.585,0.585,0.585
MCHP,High,2010,0.585,0.0,0.585,0.585,0.585,0.585,0.585,0.585,0.585
MCHP,Low,2010,0.585,0.0,0.585,0.585,0.585,0.585,0.585,0.585,0.585
MCHP,Open,2010,0.585,0.0,0.585,0.585,0.585,0.585,0.585,0.585,0.585
MCK,Close,2010,0.083,0.0,0.083,0.083,0.083,0.083,0.083,0.083,0.083
MCK,High,2010,0.083,0.0,0.083,0.083,0.083,0.083,0.083,0.083,0.083
MCK,Low,2010,0.083,0.0,0.083,0.083,0.083,0.083,0.083,0.083,0.083
MCK,Open,2010,0.083,0.0,0.083,0.083,0.083,0.083,0.083,0.083,0.083
MCO,Close,2010,0.216,0.0,0.216,0.216,0.216,0.216,0.216,0.216,0.216
MCO,High,2010,0.216,0.0,0.216,0.216,0.216,0.216,0.216,0.216,0.216
MCO,Low,2010,0.216,0.0,0.216,0.216,0.216,0.216,0.216,0.216,0.216
MCO,Open,2010,0.216,0.0,0.216,0.216,0.216,0.216,0.216,0.216,0.216
MET,Close,2010,0.717,0.0,0.717,0.717,0.717,0.717,0.717,0.717,0.717
MET,High,2010,0.717,0.0,0.717,0.717,0.717,0.717,0.717,0.717,0.717
MET,Low,2010,0.717,0.0,0.717,0.717,0.717,0.717,0.717,0.717,0.717
MET,Open,2010,0.717,0.0,0.717,0.717,0.717,0.717,0.717,0.717,0.717
MLM,Close,2010,0.123,0.0,0.123,0.123,0.123,0.123,0.123,0.123,0.123
MLM,High,2010,0.123,0.0,0.123,0.123,0.123,0.123,0.123,0.123,0.123
MLM,Low,2010,0.123,0.0,0.123,0.123,0.123,0.123,0.123,0.123,0.123
MLM,Open,2010,0.123,0.0,0.123,0.123,0.123,0.123,0.123,0.123,0.123
MOS,Close,2010,0.836,0.0,0.836,0.836,0.836,0.836,0.836,0.836,0.836
MOS,High,2010,0.836,0.0,0.836,0.836,0.836,0.836,0.836,0.836,0.836
MOS,Low,2010,0.836,0.0,0.836,0.836,0.836,0.836,0.836,0.836,0.836
MOS,Open,2010,0.836,0.0,0.836,0.836,0.836,0.836,0.836,0.836,0.836
MS,Close,2010,0.551,0.0,0.551,0.551,0.551,0.551,0.551,0.551,0.551
MS,High,2010,0.551,0.0,0.551,0.551,0.551,0.551,0.551,0.551,0.551
MS,Low,2010,0.551,0.0,0.551,0.551,0.551,0.551,0.551,0.551,0.551
MS,Open,2010,0.551,0.0,0.551,0.551,0.551,0.551,0.551,0.551,0.551
MTB,Close,2010,0.691,0.0,0.691,0.691,0.691,0.691,0.691,0.691,0.691
MTB,High,2010,0.691,0.0,0.691,0.691,0.691,0.691,0.691,0.691,0.691
MTB,Low,2010,0.691,0.0,0.691,0.691,0.691,0.691,0.691,0.691,0.691
MTB,Open,2010,0.691,0.0,0.691,0.691,0.691,0.691,0.691,0.691,0.691
NEE,Close,2010,0.677,0.0,0.677,0.677,0.677,0.677,0.677,0.677,0.677
NEE,High,2010,0.677,0.0,0.677,0.677,0.677,0.677,0.677,0.677,0.677
NEE,Low,2010,0.677,0.0,0.677,0.677,0.677,0.677,0.677,0.677,0.677
NEE,Open,2010,0.677,0.0,0.677,0.677,0.677,0.677,0.677,0.677,0.677
NEM,Close,2010,0.202,0.0,0.202,0.202,0.202,0.202,0.202,0.202,0.202
NEM,High,2010,0.202,0.0,0.202,0.202,0.202,0.202,0.202,0.202,0.202
NEM,Low,2010,0.202,0.0,0.202,0.202,0.202,0.202,0.202,0.202,0.202
NEM,Open,2010,0.202,0.0,0.202,0.202,0.202,0.202,0.202,0.202,0.202
NI,Close,2010,0.686,0.0,0.686,0.686,0.686,0.686,0.686,0.686,0.686
NI,High,2010,0.686,0.0,0.686,0.686,0.686,0.686,0.686,0.686,0.686
NI,Low,2010,0.686,0.0,0.686,0.686,0.686,0.686,0.686,0.686,0.686
NI,Open,2010,0.686,0.0,0.686,0.686,0.686,0.686,0.686,0.686,0.686
NKE,Close,2010,0.659,0.0,0.659,0.659,0.659,0.659,0.659,0.659,0.659
NKE,High,2010,0.659,0.0,0.659,0.659,0.659,0.659,0.659,0.659,0.659
NKE,Low,2010,0.659,0.0,0.659,0.659,0.659,0.659,0.659,0.659,0.659
NKE,Open,2010,0.659,0.0,0.659,0.659,0.659,0.659,0.659,0.659,0.659
NOC,Close,2010,0.319,0.0,0.319,0.319,0.319,0.319,0.319,0.319,0.319
NOC,High,2010,0.319,0.0,0.319,0.319,0.319,0.319,0.319,0.319,0.319
NOC,Low,2010,0.319,0.0,0.319,0.319,0.319,0.319,0.319,0.319,0.319
NOC,Open,2010,0.319,0.0,0.319,0.319,0.319,0.319,0.319,0.319,0.319
NRG,Close,2010,0.312,0.0,0.312,0.312,0.312,0.312,0.312,0.312,0.312
NRG,High,2010,0.312,0.0,0.312,0.312,0.312,0.312,0.312,0.312,0.312
NRG,Low,2010,0.312,0.0,0.312,0.312,0.312,0.312,0.312,0.312,0.312
NRG,Open,2010,0.312,0.0,0.312,0.312,0.312,0.312,0.312,0.312,0.312
NSC,Close,2010,0.442,0.0,0.442,0.442,0.442,0.442,0.442,0.442,0.442
NSC,High,2010,0.442,0.0,0.442,0.442,0.442,0.442,0.442,0.442,0.442
NSC,Low,2010,0.442,0.0,0.442,0.442,0.442,0.442,0.442,0.442,0.442
NSC,Open,2010,0.442,0.0,0.442,0.442,0.442,0.442,0.442,0.442,0.442
NTRS,Close,2010,0.557,0.0,0.557,0.557,0.557,0.558,0.558,0.558,0.558
NTRS,High,2010,0.557,0.0,0.557,0.557,0.557,0.558,0.558,0.558,0.558
NTRS,Low,2010,0.557,0.0,0.557,0.557,0.557,0.558,0.558,0.558,0.558
NTRS,Open,2010,0.557,0.0,0.557,0.557,0.557,0.558,0.558,0.558,0.558
O,Close,2010,0.039,0.0,0.039,0.039,0.039,0.039,0.039,0.039,0.039
O,High,2010,0.039,0.0,0.039,0.039,0.039,0.039,0.039,0.039,0.039
O,Low,2010,0.039,0.0,0.039,0.039,0.039,0.039,0.039,0.039,0.039
O,Open,2010,0.039,0.0,0.039,0.039,0.039,0.039,0.039,0.039,0.039
ODFL,Close,2010,0.139,0.0,0.139,0.139,0.139,0.139,0.139,0.139,0.14
ODFL,High,2010,0.139,0.0,0.139,0.139,0.139,0.139,0.139,0.139,0.14
ODFL,Low,2010,0.139,0.0,0.139,0.139,0.139,0.139,0.139,0.139,0.14
ODFL,Open,2010,0.139,0.0,0.139,0.139,0.139,0.139,0.139,0.139,0.14
OKE,Close,2010,1.37,0.0,1.37,1.37,1.37,1.37,1.37,1.37,1.37
OKE,High,2010,1.37,0.0,1.37,1.37,1.37,1.37,1.37,1.37,1.37
OKE,Low,2010,1.37,0.0,1.37,1.37,1.37,1.37,1.37,1.37,1.37
OKE,Open,2010,1.37,0.0,1.37,1.37,1.37,1.37,1.37,1.37,1.37
PAYC,Close,2010,0.272,0.0,0.272,0.272,0.272,0.272,0.272,0.272,0.272
PAYC,High,2010,0.272,0.0,0.272,0.272,0.272,0.272,0.272,0.272,0.272
PAYC,Low,2010,0.272,0.0,0.272,0.272,0.272,0.272,0.272,0.272,0.272
PAYC,Open,2010,0.272,0.0,0.272,0.272,0.272,0.272,0.272,0.272,0.272
PEP,Close,2010,0.885,0.0,0.885,0.885,0.885,0.886,0.886,0.886,0.886
PEP,High,2010,0.885,0.0,0.885,0.885,0.885,0.886,0.886,0.886,0.886
PEP,Low,2010,0.885,0.0,0.885,0.885,0.885,0.886,0.886,0.886,0.886
PEP,Open,2010,0.885,0.0,0.885,0.885,0.885,0.886,0.886,0.886,0.886
PH,Close,2010,0.186,0.0,0.186,0.186,0.186,0.186,0.186,0.186,0.186
PH,High,2010,0.186,0.0,0.186,0.186,0.186,0.186,0.186,0.186,0.186
PH,Low,2010,0.186,0.0,0.186,0.186,0.186,0.186,0.186,0.186,0.186
PH,Open,2010,0.186,0.0,0.186,0.186,0.186,0.186,0.186,0.186,0.186
PNW,Close,2010,0.982,0.0,0.982,0.982,0.982,0.982,0.982,0.982,0.982
PNW,High,2010,0.982,0.0,0.982,0.982,0.982,0.982,0.982,0.982,0.982
PNW,Low,2010,0.982,0.0,0.982,0.982,0.982,0.982,0.982,0.982,0.982
PNW,Open,2010,0.982,0.0,0.982,0.982,0.982,0.982,0.982,0.982,0.982
PSX,Close,2010,0.815,0.0,0.815,0.815,0.815,0.815,0.815,0.815,0.815
PSX,High,2010,0.815,0.0,0.815,0.815,0.815,0.815,0.815,0.815,0.815
PSX,Low,2010,0.815,0.0,0.815,0.815,0.815,0.815,0.815,0.815,0.815
PSX,Open,2010,0.815,0.0,0.815,0.815,0.815,0.815,0.815,0.815,0.815
PYPL,Close,2010,0.302,0.0,0.302,0.302,0.302,0.302,0.302,0.302,0.302
PYPL,High,2010,0.302,0.0,0.302,0.302,0.302,0.302,0.302,0.302,0.302
PYPL,Low,2010,0.302,0.0,0.302,0.302,0.302,0.302,0.302,0.302,0.302
PYPL,Open,2010,0.302,0.0,0.302,0.302,0.302,0.302,0.302,0.302,0.302
Q,Close,45,0.064,0.0,0.064,0.064,0.064,0.064,0.064,0.064,0.064
Q,High,45,0.064,0.0,0.064,0.064,0.064,0.064,0.064,0.064,0.064
Q,Low,45,0.064,0.0,0.064,0.064,0.064,0.064,0.064,0.064,0.064
Q,Open,45,0.064,0.0,0.064,0.064,0.064,0.064,0.064,0.064,0.064
QCOM,Close,2010,0.638,0.0,0.638,0.638,0.638,0.638,0.638,0.638,0.638
QCOM,High,2010,0.638,0.0,0.638,0.638,0.638,0.638,0.638,0.638,0.638
QCOM,Low,2010,0.638,0.0,0.638,0.638,0.638,0.638,0.638,0.638,0.638
QCOM,Open,2010,0.638,0.0,0.638,0.638,0.638,0.638,0.638,0.638,0.638
RCL,Close,2010,0.53,0.0,0.53,0.53,0.53,0.53,0.53,0.53,0.53
RCL,High,2010,0.53,0.0,0.53,0.53,0.53,0.53,0.53,0.53,0.53
RCL,Low,2010,0.53,0.0,0.53,0.53,0.53,0.53,0.53,0.53,0.53
RCL,Open,2010,0.53,0.0,0.53,0.53,0.53,0.53,0.53,0.53,0.53
RF,Close,2010,0.952,0.0,0.952,0.952,0.952,0.952,0.952,0.952,0.952
RF,High,2010,0.952,0.0,0.952,0.952,0.952,0.952,0.952,0.952,0.952
RF,Low,2010,0.952,0.0,0.952,0.952,0.952,0.952,0.952,0.952,0.952
RF,Open,2010,0.952,0.0,0.952,0.952,0.952,0.952,0.952,0.952,0.952
ROK,Close,2010,0.346,0.0,0.346,0.346,0.346,0.346,0.346,0.346,0.346
ROK,High,2010,0.346,0.0,0.346,0.346,0.346,0.346,0.346,0.346,0.346
ROK,Low,2010,0.346,0.0,0.346,0.346,0.346,0.346,0.346,0.346,0.346
ROK,Open,2010,0.346,0.0,0.346,0.346,0.346,0.346,0.346,0.346,0.346
ROL,Close,2010,0.302,0.0,0.302,0.302,0.302,0.302,0.302,0.302,0.302
ROL,High,2010,0.302,0.0,0.302,0.302,0.302,0.302,0.302,0.302,0.302
ROL,Low,2010,0.302,0.0,0.302,0.302,0.302,0.302,0.302,0.302,0.302
ROL,Open,2010,0.302,0.0,0.302,0.302,0.302,0.302,0.302,0.302,0.302
SHW,Close,2010,0.221,0.0,0.221,0.221,0.221,0.221,0.221,0.221,0.221
SHW,High,2010,0.221,0.0,0.221,0.221,0.221,0.221,0.221,0.221,0.221
SHW,Low,2010,0.221,0.0,0.221,0.221,0.221,0.221,0.221,0.221,0.221
SHW,Open,2010,0.221,0.0,0.221,0.221,0.221,0.221,0.221,0.221,0.221
SNA,Close,2010,0.633,0.0,0.633,0.633,0.633,0.633,0.633,0.633,0.633
SNA,High,2010,0.633,0.0,0.633,0.633,0.633,0.633,0.633,0.633,0.633
SNA,Low,2010,0.633,0.0,0.633,0.633,0.633,0.633,0.633,0.633,0.633
SNA,Open,2010,0.633,0.0,0.633,0.633,0.633,0.633,0.633,0.633,0.633
SPGI,Close,2010,0.232,0.0,0.232,0.232,0.232,0.232,0.232,0.232,0.232
SPGI,High,2010,0.232,0.0,0.232,0.232,0.232,0.232,0.232,0.232,0.232
SPGI,Low,2010,0.232,0.0,0.232,0.232,0.232,0.232,0.232,0.232,0.232
SPGI,Open,2010,0.232,0.0,0.232,0.232,0.232,0.232,0.232,0.232,0.232
SWKS,Close,2010,1.188,0.0,1.188,1.188,1.188,1.188,1.188,1.188,1.188
SWKS,High,2010,1.188,0.0,1.188,1.188,1.188,1.188,1.188,1.188,1.188
SWKS,Low,2010,1.188,0.0,1.188,1.188,1.188,1.188,1.188,1.188,1.188
SWKS,Open,2010,1.188,0.0,1.188,1.188,1.188,1.188,1.188,1.188,1.188
SYF,Close,2010,0.407,0.0,0.407,0.407,0.407,0.407,0.407,0.407,0.407
SYF,High,2010,0.407,0.0,0.407,0.407,0.407,0.407,0.407,0.407,0.407
SYF,Low,2010,0.407,0.0,0.407,0.407,0.407,0.407,0.407,0.407,0.407
SYF,Open,2010,0.407,0.0,0.407,0.407,0.407,0.407,0.407,0.407,0.407
TAP,Close,2010,1.019,0.0,1.019,1.019,1.019,1.019,1.019,1.019,1.019
TAP,High,2010,1.019,0.0,1.019,1.019,1.019,1.019,1.019,1.019,1.019
TAP,Low,2010,1.019,0.0,1.019,1.019,1.019,1.019,1.019,1.019,1.019
TAP,Open,2010,1.019,0.0,1.019,1.019,1.019,1.019,1.019,1.019,1.019
TMUS,Close,2010,0.479,0.0,0.478,0.479,0.479,0.479,0.479,0.479,0.479
TMUS,High,2010,0.479,0.0,0.478,0.479,0.479,0.479,0.479,0.479,0.479
TMUS,Low,2010,0.479,0.0,0.478,0.479,0.479,0.479,0.479,0.479,0.479
TMUS,Open,2010,0.479,0.0,0.478,0.479,0.479,0.479,0.479,0.479,0.479
TPL,Close,2010,0.114,0.0,0.114,0.114,0.114,0.114,0.114,0.114,0.114
TPL,High,2010,0.114,0.0,0.114,0.114,0.114,0.114,0.114,0.114,0.114
TPL,Low,2010,0.114,0.0,0.114,0.114,0.114,0.114,0.114,0.114,0.114
TPL,Open,2010,0.114,0.0,0.114,0.114,0.114,0.114,0.114,0.114,0.114
TPR,Close,2010,0.267,0.0,0.267,0.267,0.267,0.267,0.267,0.267,0.267
TPR,High,2010,0.267,0.0,0.267,0.267,0.267,0.267,0.267,0.267,0.267
TPR,Low,2010,0.267,0.0,0.267,0.267,0.267,0.267,0.267,0.267,0.267
TPR,Open,2010,0.267,0.0,0.267,0.267,0.267,0.267,0.267,0.267,0.267
TRGP,Close,2010,0.499,0.0,0.499,0.499,0.499,0.499,0.499,0.499,0.499
TRGP,High,2010,0.499,0.0,0.499,0.499,0.499,0.499,0.499,0.499,0.499
TRGP,Low,2010,0.499,0.0,0.499,0.499,0.499,0.499,0.499,0.499,0.499
TRGP,Open,2010,0.499,0.0,0.499,0.499,0.499,0.499,0.499,0.499,0.499
TSCO,Close,2010,0.445,0.0,0.445,0.445,0.445,0.445,0.445,0.445,0.445
TSCO,High,2010,0.445,0.0,0.445,0.445,0.445,0.445,0.445,0.445,0.445
TSCO,Low,2010,0.445,0.0,0.445,0.445,0.445,0.445,0.445,0.445,0.445
TSCO,Open,2010,0.445,0.0,0.445,0.445,0.445,0.445,0.445,0.445,0.445
TSN,Close,2010,0.802,0.0,0.802,0.802,0.802,0.802,0.802,0.802,0.802
TSN,High,2010,0.802,0.0,0.802,0.802,0.802,0.802,0.802,0.802,0.802
TSN,Low,2010,0.802,0.0,0.802,0.802,0.802,0.802,0.802,0.802,0.802
TSN,Open,2010,0.802,0.0,0.802,0.802,0.802,0.802,0.802,0.802,0.802
TT,Close,2010,0.241,0.0,0.241,0.241,0.241,0.241,0.241,0.241,0.241
TT,High,2010,0.241,0.0,0.241,0.241,0.241,0.241,0.241,0.241,0.241
TT,Low,2010,0.241,0.0,0.241,0.241,0.241,0.241,0.241,0.241,0.241
TT,Open,2010,0.241,0.0,0.241,0.241,0.241,0.241,0.241,0.241,0.241
TXN,Close,2010,0.653,0.0,0.653,0.653,0.653,0.653,0.653,0.653,0.653
TXN,High,2010,0.653,0.0,0.653,0.653,0.653,0.653,0.653,0.653,0.653
TXN,Low,2010,0.653,0.0,0.653,0.653,0.653,0.653,0.653,0.653,0.653
TXN,Open,2010,0.653,0.0,0.653,0.653,0.653,0.653,0.653,0.653,0.653
UHS,Close,2010,0.097,0.0,0.097,0.097,0.097,0.097,0.097,0.097,0.097
UHS,High,2010,0.097,0.0,0.097,0.097,0.097,0.097,0.097,0.097,0.097
UHS,Low,2010,0.097,0.0,0.097,0.097,0.097,0.097,0.097,0.097,0.097
UHS,Open,2010,0.097,0.0,0.097,0.097,0.097,0.097,0.097,0.097,0.097
UNH,Close,2010,0.771,0.0,0.771,0.771,0.771,0.771,0.771,0.771,0.771
UNH,High,2010,0.771,0.0,0.771,0.771,0.771,0.771,0.771,0.771,0.771
UNH,Low,2010,0.771,0.0,0.771,0.771,0.771,0.771,0.771,0.771,0.771
UNH,Open,2010,0.771,0.0,0.771,0.771,0.771,0.771,0.771,0.771,0.771
UNP,Close,2010,0.52,0.0,0.52,0.52,0.52,0.52,0.52,0.52,0.52
UNP,High,2010,0.52,0.0,0.52,0.52,0.52,0.52,0.52,0.52,0.52
UNP,Low,2010,0.52,0.0,0.52,0.52,0.52,0.52,0.52,0.52,0.52
UNP,Open,2010,0.52,0.0,0.52,0.52,0.52,0.52,0.52,0.52,0.52
VLO,Close,2010,0.612,0.0,0.612,0.612,0.612,0.612,0.612,0.612,0.612
VLO,High,2010,0.612,0.0,0.612,0.612,0.612,0.612,0.612,0.612,0.612
VLO,Low,2010,0.612,0.0,0.612,0.612,0.612,0.612,0.612,0.612,0.612
VLO,Open,2010,0.612,0.0,0.612,0.612,0.612,0.612,0.612,0.612,0.612
VMC,Close,2010,0.189,0.0,0.189,0.189,0.189,0.189,0.189,0.189,0.189
VMC,High,2010,0.189,0.0,0.189,0.189,0.189,0.189,0.189,0.189,0.189
VMC,Low,2010,0.189,0.0,0.189,0.189,0.189,0.189,0.189,0.189,0.189
VMC,Open,2010,0.189,0.0,0.189,0.189,0.189,0.189,0.189,0.189,0.189
VTRS,Close,2010,0.847,0.0,0.847,0.847,0.847,0.847,0.847,0.847,0.848
VTRS,High,2010,0.847,0.0,0.847,0.847,0.847,0.847,0.847,0.847,0.848
VTRS,Low,2010,0.847,0.0,0.847,0.847,0.847,0.847,0.847,0.847,0.848
VTRS,Open,2010,0.847,0.0,0.847,0.847,0.847,0.847,0.847,0.847,0.848
WDC,Close,2010,0.048,0.0,0.048,0.048,0.048,0.048,0.048,0.048,0.048
WDC,High,2010,0.048,0.0,0.048,0.048,0.048,0.048,0.048,0.048,0.048
WDC,Low,2010,0.048,0.0,0.048,0.048,0.048,0.048,0.048,0.048,0.048
WDC,Open,2010,0.048,0.0,0.048,0.048,0.048,0.048,0.048,0.048,0.048
WELL,Close,2010,0.354,0.0,0.353,0.354,0.354,0.354,0.354,0.354,0.354
WELL,High,2010,0.354,0.0,0.353,0.354,0.354,0.354,0.354,0.354,0.354
WELL,Low,2010,0.354,0.0,0.353,0.354,0.354,0.354,0.354,0.354,0.354
WELL,Open,2010,0.354,0.0,0.353,0.354,0.354,0.354,0.354,0.354,0.354
WFC,Close,2010,0.491,0.0,0.491,0.491,0.491,0.491,0.492,0.492,0.492
WFC,High,2010,0.491,0.0,0.491,0.491,0.491,0.491,0.492,0.492,0.492
WFC,Low,2010,0.491,0.0,0.491,0.491,0.491,0.491,0.492,0.492,0.492
WFC,Open,2010,0.491,0.0,0.491,0.491,0.491,0.491,0.492,0.492,0.492
WRB,Close,2010,0.127,0.0,0.127,0.127,0.127,0.127,0.127,0.127,0.127
WRB,High,2010,0.127,0.0,0.127,0.127,0.127,0.127,0.127,0.127,0.127
WRB,Low,2010,0.127,0.0,0.127,0.127,0.127,0.127,0.127,0.127,0.127
WRB,Open,2010,0.127,0.0,0.127,0.127,0.127,0.127,0.127,0.127,0.127
WYNN,Close,2010,0.218,0.0,0.218,0.218,0.218,0.218,0.218,0.218,0.218
WYNN,High,2010,0.218,0.0,0.218,0.218,0.218,0.218,0.218,0.218,0.218
WYNN,Low,2010,0.218,0.0,0.218,0.218,0.218,0.218,0.218,0.218,0.218
WYNN,Open,2010,0.218,0.0,0.218,0.218,0.218,0.218,0.218,0.218,0.218
XYL,Close,2010,0.338,0.0,0.338,0.338,0.338,0.338,0.338,0.338,0.338
XYL,High,2010,0.338,0.0,0.338,0.338,0.338,0.338,0.338,0.338,0.338
XYL,Low,2010,0.338,0.0,0.338,0.338,0.338,0.338,0.338,0.338,0.338
XYL,Open,2010,0.338,0.0,0.338,0.338,0.338,0.338,0.338,0.338,0.338
